{
  "schemaVersion": 1,
  "id": "addon-template",
  "version": "${version}",
  "name": "Addon Template",
  "description": "An addon template for Meteor Client addons.",
  "authors": [
    "seasnail"
  ],
  "contact": {
    "sources": "https://github.com/MeteorDevelopment/meteor-addon-template"
  },
  "icon": "assets/template/icon.png",
  "environment": "client",
  "entrypoints": {
    "meteor": [
      "com.example.addon.AddonTemplate"
    ]
  },
  "mixins": [
    "addon-template.mixins.json"
  ],
  "custom": {
    "meteor-client:color": "225,25,25",
    "modmenu": {
      "parent": {
        "id": "meteor-client"
      }
    }
  },
  "depends": {
    "java": ">=21",
    "minecraft": ["${mc_version}"],
    "meteor-client": "*"
  }
}
